age,sex,bmi,children,smoker,region,expenses
36,female,25.8,0,no,northwest,5266.37
36,female,25.9,1,no,southwest,5472.45
52,female,23.2,0,no,northeast,10197.77
36,male,28.0,1,yes,northeast,20773.63
45,female,35.3,0,no,southwest,7348.14
53,male,28.9,0,no,northwest,9869.81
49,female,23.8,3,yes,northeast,24106.91
51,male,37.0,0,no,southwest,8798.59
45,female,30.5,1,yes,northwest,39725.52
51,female,35.0,2,yes,northeast,44641.2
19,female,21.7,0,yes,southwest,13844.51
32,female,24.6,0,yes,southwest,17496.31
59,male,25.5,0,no,northwest,12124.99
19,male,34.1,0,no,southwest,1261.44
57,female,25.7,2,no,southeast,12629.17
47,female,26.6,2,no,northeast,9715.84
31,male,29.8,0,yes,southeast,19350.37
47,male,38.9,2,yes,southeast,44202.65
40,female,41.4,1,no,northwest,28476.73
29,male,27.2,0,no,southwest,2866.09
29,male,37.3,2,no,southeast,4058.12
42,male,24.9,0,no,southeast,5966.89
42,male,24.6,0,yes,southeast,19515.54
44,female,27.6,0,no,northwest,7421.19
48,female,31.1,0,no,southeast,8280.62
47,female,24.1,1,no,southwest,26236.58
46,female,23.7,1,yes,northwest,21677.28
43,male,35.0,1,yes,northeast,41034.22
52,male,33.3,0,no,northeast,9722.77
18,male,26.2,2,no,southeast,2304.0
51,female,40.7,0,no,northeast,9875.68
53,male,30.5,0,no,northeast,10072.06
24,female,33.3,0,no,northwest,2855.44
49,male,32.3,3,no,northwest,10269.46
33,male,30.3,0,no,southeast,3704.35
42,male,35.8,2,no,southwest,7160.09
25,female,28.6,0,no,northeast,3213.62
22,female,31.0,3,yes,southeast,35595.59
28,female,26.5,2,no,southeast,4340.44
31,female,36.6,2,no,southeast,4949.76
50,male,37.1,1,no,southeast,9048.03
19,female,27.9,3,no,northwest,18838.7
51,male,42.9,2,yes,southeast,47462.89
35,male,36.7,1,yes,northeast,39774.28
57,female,23.2,0,no,northwest,11830.61
19,male,44.9,0,yes,southeast,39722.75
54,male,33.6,1,no,northwest,10825.25
34,female,31.9,1,yes,northeast,37701.88
32,male,46.5,2,no,southeast,4686.39
62,male,30.9,3,yes,northwest,46718.16
40,male,22.7,2,no,northeast,7173.36
28,male,22.5,2,no,northeast,4428.89
30,female,20.0,3,no,northwest,5693.43
45,female,40.0,3,no,northeast,9704.67
55,male,33.0,0,no,southeast,20781.49
55,male,37.3,0,no,southwest,20630.28
61,female,29.9,3,yes,southeast,30942.19
38,male,28.0,1,no,northeast,6067.13
55,female,29.8,0,no,northeast,11286.54
45,male,24.3,5,no,southeast,9788.87
60,male,24.3,0,no,northwest,12523.6
18,female,30.1,0,no,northeast,2203.47
59,female,26.5,0,no,northeast,12815.44
50,female,30.1,1,no,northwest,9910.36
42,male,24.6,2,yes,northeast,21259.38
57,male,23.7,0,no,southwest,10959.33
35,female,28.0,0,yes,northwest,20234.85
37,female,38.4,0,yes,southeast,40419.02
36,female,27.7,0,no,northeast,5469.01
29,male,31.7,2,no,northwest,4433.39
61,female,31.2,0,no,northwest,13429.04
52,male,38.6,2,no,southwest,10325.21
26,male,17.7,0,no,northwest,2680.95
18,female,40.3,0,no,northeast,2217.6
61,female,29.1,0,yes,northwest,29141.36
29,female,31.2,0,no,northeast,3943.6
29,female,25.9,0,no,southwest,3353.28
20,male,27.3,0,yes,southwest,16232.85
64,female,31.3,2,yes,southwest,47291.06
31,male,28.5,5,no,northeast,6799.46
60,male,37.0,0,no,northeast,12741.17
21,male,25.7,4,yes,southwest,17942.11
23,male,26.5,0,no,southeast,1815.88
27,male,28.5,0,yes,northwest,18310.74
53,female,23.8,2,no,northeast,11729.68
47,male,29.8,3,no,northwest,9620.33
24,male,26.8,1,no,northwest,12609.89
40,male,19.8,1,yes,southeast,17179.52
58,female,41.9,0,no,southeast,24227.34
54,female,28.9,2,no,northeast,12096.65
62,female,38.1,2,no,northeast,15230.32
18,female,31.4,4,no,northeast,4561.19
42,female,36.2,1,no,northwest,7443.64
19,male,22.6,0,no,northwest,1628.47
42,male,36.0,2,no,southeast,7160.33
45,male,24.0,2,no,northeast,8604.48
46,male,30.5,3,yes,northwest,40720.55
39,female,24.2,5,no,northwest,8965.8
26,male,29.2,1,no,southeast,2902.91
19,female,24.6,1,no,northwest,2709.24
40,female,33.0,3,no,southeast,7682.67
46,male,26.6,1,no,southeast,7742.11
21,male,26.0,0,no,northeast,2102.26
30,male,24.1,1,no,northwest,4032.24
59,female,27.7,3,no,southeast,14001.13
22,male,28.3,1,no,northwest,2639.04
59,male,31.8,2,no,southeast,12928.79
25,male,24.1,0,yes,northwest,15817.99
42,female,37.9,0,no,southwest,6474.01
43,female,26.9,0,yes,northwest,21774.32
40,male,29.4,1,no,northwest,6393.6
27,male,32.6,3,no,northeast,4846.92
55,female,32.4,1,no,northeast,11879.1
49,female,23.2,2,no,northwest,10156.78
56,female,35.8,1,no,southwest,11674.13
48,female,27.9,4,no,northwest,11015.17
32,male,37.3,1,no,northeast,4667.61
62,male,32.0,0,yes,northeast,45710.21
27,male,18.9,3,no,northeast,4827.9
38,male,34.7,2,no,southwest,6082.41
36,female,29.9,0,no,southeast,4889.04
32,female,20.5,0,no,northeast,4544.23
19,male,28.4,1,no,southwest,1842.52
34,female,30.2,1,yes,northwest,43943.88
51,male,22.4,0,no,northeast,9361.33
41,female,33.1,2,no,northwest,7749.16
38,male,37.1,1,no,northeast,6079.67
26,female,29.9,1,no,southeast,3392.98
32,male,37.2,2,no,southeast,4673.39
19,female,17.8,0,no,southwest,1727.79
32,male,31.5,1,no,southwest,4076.5
30,male,38.8,1,no,southeast,18963.17
20,male,35.6,3,yes,northwest,37465.34
62,female,32.7,0,no,northwest,13844.8
18,male,16.0,0,no,northeast,1694.8
26,female,29.6,4,no,northeast,24671.66
62,female,29.9,0,no,southeast,13457.96
46,female,33.7,1,no,northeast,8823.99
31,female,31.1,0,no,northeast,4347.02
28,male,30.9,0,no,northwest,3062.51
20,male,39.4,2,yes,southwest,38344.57
41,female,21.8,1,no,northeast,13725.47
57,male,43.7,1,no,southwest,11576.13
36,male,28.6,3,no,northwest,6548.2
59,male,29.7,2,no,southeast,12925.89
54,female,32.3,1,no,northeast,11512.41
64,male,40.5,0,no,southeast,13831.12
62,female,33.0,3,no,northwest,15612.19
54,female,27.6,1,no,northwest,11305.93
48,male,36.7,1,no,northwest,28468.92
57,female,28.8,4,no,northeast,14394.4
45,female,36.3,2,no,southeast,8527.53
55,female,26.8,1,no,southwest,35160.13
30,male,27.6,1,no,northeast,4237.13
63,female,27.7,0,yes,northeast,29523.17
51,male,31.6,0,no,northwest,9174.14
42,male,26.1,2,no,northeast,7729.65
18,female,38.7,2,no,northeast,3393.36
60,female,30.5,0,no,southwest,12638.2
38,female,40.6,1,no,northwest,6373.56
47,male,36.2,1,no,southwest,8068.19
37,male,36.2,0,no,southeast,19214.71
23,female,28.3,0,yes,northwest,18033.97
58,male,32.0,1,no,southeast,11946.63
57,male,34.0,0,no,northwest,11356.66
56,male,40.3,0,no,southwest,10602.39
59,male,29.8,3,yes,northeast,30184.94
33,female,24.3,0,no,southeast,4185.1
54,male,30.8,1,yes,southeast,41999.52
57,female,28.7,0,no,southwest,11455.28
49,female,21.3,1,no,southwest,9182.17
41,female,32.2,1,no,southwest,6775.96
27,female,30.6,1,no,northeast,16796.41
63,female,36.3,0,no,southeast,13887.2
29,female,21.8,1,yes,northeast,16657.72
21,female,39.5,0,no,southeast,2026.97
63,female,35.2,1,no,southeast,14474.68
62,male,32.1,0,no,northeast,13555.0
53,male,28.6,3,no,southwest,11253.42
56,male,25.9,0,no,northeast,11165.42
58,female,29.0,0,no,southwest,11842.44
22,male,26.8,0,no,southeast,1665.0
25,male,45.5,2,yes,southeast,42112.24
33,male,42.5,1,no,southeast,11326.71
26,female,34.2,2,no,southwest,3987.93
51,female,18.1,0,no,northwest,9644.25
59,female,26.7,3,no,northwest,14382.71
41,male,21.8,1,no,southeast,6272.48
49,male,30.9,0,yes,southwest,39727.61
46,female,48.1,2,no,northeast,9432.93
58,female,28.2,0,no,northwest,12224.35
41,male,29.6,5,no,northeast,9222.4
59,male,37.4,0,no,southwest,21797.0
46,male,40.4,2,no,northwest,8733.23
52,female,30.8,1,no,northeast,10797.34
32,male,35.2,2,no,southwest,4670.64
33,female,42.9,3,no,northwest,6360.99
20,male,35.3,1,no,southeast,27724.29
33,male,22.7,0,no,northwest,21984.47
38,female,27.3,1,no,northeast,6555.07
37,female,47.6,2,yes,southwest,46113.51
47,female,36.0,1,no,southwest,8556.91
25,female,30.2,0,yes,southwest,33900.65
22,male,20.0,3,no,northeast,4005.42
22,female,24.3,0,no,southwest,2150.47
22,male,31.7,0,no,northeast,2254.8
61,female,44.0,0,no,southwest,13063.88
59,male,24.7,0,no,northeast,12323.94
20,male,30.1,5,no,northeast,4915.06
60,female,25.8,0,no,northwest,28923.14
57,male,33.6,1,no,northwest,11945.13
29,female,24.6,2,no,southwest,4529.48
40,male,32.8,1,yes,northeast,39125.33
50,female,44.7,0,no,northeast,9541.7
60,female,28.7,1,no,southwest,13224.69
25,male,26.7,4,no,northwest,4877.98
49,male,25.6,2,yes,southwest,23306.55
44,male,21.9,3,no,northeast,8891.14
50,female,25.6,0,no,southwest,8932.08
62,male,31.5,1,no,southeast,27000.98
41,male,37.1,2,no,northwest,7265.7
33,female,28.3,1,no,southeast,4779.6
18,male,31.7,0,yes,northeast,33732.69
54,female,24.6,3,no,northwest,12479.71
43,male,27.4,3,no,northeast,8606.22
18,male,21.5,0,no,northeast,1702.46
51,female,34.2,1,no,southwest,9872.7
56,female,28.6,0,no,northeast,11658.12
27,female,20.0,3,yes,northwest,16420.49
18,male,23.3,1,no,southeast,1711.03
54,male,34.2,2,yes,southeast,44260.75
38,female,37.7,0,no,southeast,5397.62
20,female,31.5,0,no,southeast,1877.93
19,female,32.9,0,no,southwest,1748.77
30,female,28.4,1,yes,southeast,19521.97
49,female,41.5,4,no,southeast,10977.21
33,female,18.5,1,no,southwest,4766.02
19,female,30.0,0,yes,northwest,33307.55
52,female,46.8,5,no,southeast,12592.53
26,male,27.1,0,yes,southeast,17043.34
19,female,28.9,0,no,southwest,1743.21
30,female,39.1,3,yes,southeast,40932.43
55,female,30.5,0,no,southwest,10704.47
34,female,38.0,3,no,southwest,6196.45
18,female,40.3,0,no,southeast,1634.57
45,male,22.9,0,yes,northeast,35069.37
31,female,29.1,0,no,southwest,3761.29
29,male,22.5,3,no,northeast,5209.58
43,male,30.1,1,no,southwest,6849.03
36,male,27.6,3,no,northeast,6746.74
46,male,39.4,1,no,northeast,8342.91
25,female,30.3,0,no,southwest,2632.99
41,female,37.1,2,no,southwest,7371.77
58,female,32.4,1,no,northeast,13019.16
45,female,27.6,1,no,northwest,28340.19
23,female,39.3,2,no,southeast,3500.61
34,male,25.3,2,yes,southeast,18972.5
39,female,24.9,3,yes,northeast,21659.93
54,male,21.0,2,no,southeast,11013.71
23,female,42.8,1,yes,northeast,40904.2
43,male,25.5,5,no,southeast,14478.33
26,male,32.9,2,yes,southwest,36085.22
59,female,27.8,3,no,southeast,14001.29
51,female,34.1,0,no,southeast,9283.56
46,male,19.9,0,no,northwest,7526.71
27,male,42.1,0,yes,southeast,39611.76
18,female,42.2,0,yes,southeast,38792.69
39,male,24.5,2,no,northwest,6710.19
